<?xml version="1.0" encoding="UTF-8"?>
<project-private xmlns="http://www.netbeans.org/ns/project-private/1">
    <editor-bookmarks xmlns="http://www.netbeans.org/ns/editor-bookmarks/2" lastBookmarkId="0"/>
    <open-files xmlns="http://www.netbeans.org/ns/projectui-open-files/2">
        <group>
            <file>file:/C:/Users/samy/Documents/NetBeansProjects/belkacmi3/web/essai.jsp</file>
            <file>file:/C:/Users/samy/Documents/NetBeansProjects/belkacmi3/web/cataloge.jsp</file>
            <file>file:/C:/Users/samy/Documents/NetBeansProjects/belkacmi3/src/java/web/AfficherCatalogue.java</file>
            <file>file:/C:/Users/samy/Documents/NetBeansProjects/belkacmi3/src/java/beans/Produit.java</file>
        </group>
    </open-files>
</project-private>
